effectiveDate,Close,Open,High,Low,Volume,NBP_Rate,NBP_No
2022-01-03,4.5889,4.5889,4.5934889,4.5843111,1000000,4.5889,001/A/NBP/2022
2022-01-04,4.5737,4.5737,4.5782737,4.5691263,1000000,4.5737,002/A/NBP/2022
2022-01-05,4.5672,4.5672,4.571767199999999,4.562632799999999,1000000,4.5672,003/A/NBP/2022
2022-01-07,4.5576,4.5576,4.562157599999999,4.5530424,1000000,4.5576,004/A/NBP/2022
2022-01-10,4.5377,4.5377,4.542237699999999,4.5331623,1000000,4.5377,005/A/NBP/2022
2022-01-11,4.5454,4.5454,4.5499453999999995,4.5408546,1000000,4.5454,006/A/NBP/2022
2022-01-12,4.5332,4.5332,4.537733199999999,4.5286668,1000000,4.5332,007/A/NBP/2022
2022-01-13,4.527,4.527,4.531527,4.522473,1000000,4.527,008/A/NBP/2022
2022-01-14,4.5372,4.5372,4.5417372,4.532662800000001,1000000,4.5372,009/A/NBP/2022
2022-01-17,4.5201,4.5201,4.5246201,4.5155799000000005,1000000,4.5201,010/A/NBP/2022
2022-01-18,4.5275,4.5275,4.532027499999999,4.5229725,1000000,4.5275,011/A/NBP/2022
2022-01-19,4.5279,4.5279,4.532427899999999,4.5233721,1000000,4.5279,012/A/NBP/2022
2022-01-20,4.5201,4.5201,4.5246201,4.5155799000000005,1000000,4.5201,013/A/NBP/2022
2022-01-21,4.5303,4.5303,4.5348303,4.525769700000001,1000000,4.5303,014/A/NBP/2022
2022-01-24,4.5358,4.5358,4.540335799999999,4.5312642,1000000,4.5358,015/A/NBP/2022
2022-01-25,4.5821,4.5821,4.586682099999999,4.577517899999999,1000000,4.5821,016/A/NBP/2022
2022-01-26,4.592,4.592,4.596591999999999,4.587408,1000000,4.592,017/A/NBP/2022
2022-01-27,4.5713,4.5713,4.575871299999999,4.5667287,1000000,4.5713,018/A/NBP/2022
2022-01-28,4.5697,4.5697,4.574269699999999,4.5651303,1000000,4.5697,019/A/NBP/2022
2022-01-31,4.5982,4.5982,4.6027982,4.5936018,1000000,4.5982,020/A/NBP/2022
2022-02-01,4.582,4.582,4.586581999999999,4.577418,1000000,4.582,021/A/NBP/2022
2022-02-02,4.55,4.55,4.554549999999999,4.54545,1000000,4.55,022/A/NBP/2022
2022-02-03,4.5439,4.5439,4.5484439,4.5393561,1000000,4.5439,023/A/NBP/2022
2022-02-04,4.5459,4.5459,4.550445899999999,4.5413540999999995,1000000,4.5459,024/A/NBP/2022
2022-02-07,4.555,4.555,4.559555,4.550445,1000000,4.555,025/A/NBP/2022
2022-02-08,4.5274,4.5274,4.5319274,4.5228726,1000000,4.5274,026/A/NBP/2022
2022-02-09,4.5167,4.5167,4.5212167,4.5121833,1000000,4.5167,027/A/NBP/2022
2022-02-10,4.4879,4.4879,4.492387899999999,4.4834121,1000000,4.4879,028/A/NBP/2022
2022-02-11,4.5163,4.5163,4.5208163,4.5117837000000005,1000000,4.5163,029/A/NBP/2022
2022-02-14,4.5743,4.5743,4.5788743,4.5697257,1000000,4.5743,030/A/NBP/2022
2022-02-15,4.5091,4.5091,4.5136091,4.5045909,1000000,4.5091,031/A/NBP/2022
2022-02-16,4.4916,4.4916,4.4960916,4.4871084,1000000,4.4916,032/A/NBP/2022
2022-02-17,4.5088,4.5088,4.513308799999999,4.5042912,1000000,4.5088,033/A/NBP/2022
2022-02-18,4.5256,4.5256,4.530125599999999,4.5210744,1000000,4.5256,034/A/NBP/2022
2022-02-21,4.5193,4.5193,4.5238192999999995,4.5147807,1000000,4.5193,035/A/NBP/2022
2022-02-22,4.5416,4.5416,4.5461415999999994,4.5370584,1000000,4.5416,036/A/NBP/2022
2022-02-23,4.5352,4.5352,4.539735199999999,4.530664799999999,1000000,4.5352,037/A/NBP/2022
2022-02-24,4.6284,4.6284,4.6330284,4.6237716,1000000,4.6284,038/A/NBP/2022
2022-02-25,4.6608,4.6608,4.6654608,4.6561392,1000000,4.6608,039/A/NBP/2022
2022-02-28,4.6909,4.6909,4.695590899999999,4.6862091,1000000,4.6909,040/A/NBP/2022
2022-03-01,4.7241,4.7241,4.7288241,4.7193759,1000000,4.7241,041/A/NBP/2022
2022-03-02,4.7989,4.7989,4.803698899999999,4.7941011,1000000,4.7989,042/A/NBP/2022
2022-03-03,4.7931,4.7931,4.7978931,4.7883069,1000000,4.7931,043/A/NBP/2022
2022-03-04,4.8363,4.8363,4.841136299999999,4.8314637,1000000,4.8363,044/A/NBP/2022
2022-03-07,4.9647,4.9647,4.969664699999999,4.959735299999999,1000000,4.9647,045/A/NBP/2022
2022-03-08,4.9121,4.9121,4.917012099999999,4.907187899999999,1000000,4.9121,046/A/NBP/2022
2022-03-09,4.8429,4.8429,4.8477429,4.8380571,1000000,4.8429,047/A/NBP/2022
2022-03-10,4.8013,4.8013,4.8061013,4.796498700000001,1000000,4.8013,048/A/NBP/2022
2022-03-11,4.7924,4.7924,4.797192399999999,4.787607599999999,1000000,4.7924,049/A/NBP/2022
2022-03-14,4.7465,4.7465,4.7512465,4.7417535,1000000,4.7465,050/A/NBP/2022
2022-03-15,4.7311,4.7311,4.7358310999999995,4.7263689,1000000,4.7311,051/A/NBP/2022
2022-03-16,4.7055,4.7055,4.710205499999999,4.7007945,1000000,4.7055,052/A/NBP/2022
2022-03-17,4.6876,4.6876,4.692287599999999,4.6829124,1000000,4.6876,053/A/NBP/2022
2022-03-18,4.7221,4.7221,4.7268221,4.7173779,1000000,4.7221,054/A/NBP/2022
2022-03-21,4.693,4.693,4.697692999999999,4.688307,1000000,4.693,055/A/NBP/2022
2022-03-22,4.6975,4.6975,4.7021975,4.6928025,1000000,4.6975,056/A/NBP/2022
2022-03-23,4.7036,4.7036,4.708303599999999,4.6988964,1000000,4.7036,057/A/NBP/2022
2022-03-24,4.7589,4.7589,4.763658899999999,4.7541411,1000000,4.7589,058/A/NBP/2022
2022-03-25,4.7459,4.7459,4.750645899999999,4.7411541,1000000,4.7459,059/A/NBP/2022
2022-03-28,4.702,4.702,4.706701999999999,4.697298,1000000,4.702,060/A/NBP/2022
2022-03-29,4.7144,4.7144,4.7191144,4.7096856,1000000,4.7144,061/A/NBP/2022
2022-03-30,4.6507,4.6507,4.655350699999999,4.6460493,1000000,4.6507,062/A/NBP/2022
2022-03-31,4.6525,4.6525,4.6571525,4.6478475,1000000,4.6525,063/A/NBP/2022
2022-04-01,4.6428,4.6428,4.647442799999999,4.6381572,1000000,4.6428,064/A/NBP/2022
2022-04-04,4.6373,4.6373,4.6419372999999995,4.6326627,1000000,4.6373,065/A/NBP/2022
2022-04-05,4.6317,4.6317,4.6363316999999995,4.6270683,1000000,4.6317,066/A/NBP/2022
2022-04-06,4.6539,4.6539,4.658553899999999,4.6492461,1000000,4.6539,067/A/NBP/2022
2022-04-07,4.6478,4.6478,4.6524478,4.6431522,1000000,4.6478,068/A/NBP/2022
2022-04-08,4.6405,4.6405,4.6451405,4.6358595000000005,1000000,4.6405,069/A/NBP/2022
2022-04-11,4.6451,4.6451,4.6497451,4.6404549,1000000,4.6451,070/A/NBP/2022
2022-04-12,4.6626,4.6626,4.6672626,4.657937400000001,1000000,4.6626,071/A/NBP/2022
2022-04-13,4.646,4.646,4.650645999999999,4.641354,1000000,4.646,072/A/NBP/2022
2022-04-14,4.6447,4.6447,4.649344699999999,4.6400553,1000000,4.6447,073/A/NBP/2022
2022-04-15,4.6378,4.6378,4.6424378,4.6331622,1000000,4.6378,074/A/NBP/2022
2022-04-19,4.6361,4.6361,4.6407361,4.6314639,1000000,4.6361,075/A/NBP/2022
2022-04-20,4.6295,4.6295,4.634129499999999,4.6248705,1000000,4.6295,076/A/NBP/2022
2022-04-21,4.6523,4.6523,4.6569522999999995,4.6476477,1000000,4.6523,077/A/NBP/2022
2022-04-22,4.6361,4.6361,4.6407361,4.6314639,1000000,4.6361,078/A/NBP/2022
2022-04-25,4.6405,4.6405,4.6451405,4.6358595000000005,1000000,4.6405,079/A/NBP/2022
2022-04-26,4.6429,4.6429,4.6475428999999995,4.6382571,1000000,4.6429,080/A/NBP/2022
2022-04-27,4.7076,4.7076,4.7123076,4.7028924000000005,1000000,4.7076,081/A/NBP/2022
2022-04-28,4.6915,4.6915,4.696191499999999,4.6868085,1000000,4.6915,082/A/NBP/2022
2022-04-29,4.6582,4.6582,4.6628582,4.6535418,1000000,4.6582,083/A/NBP/2022
2022-05-02,4.6806,4.6806,4.6852806,4.6759194,1000000,4.6806,084/A/NBP/2022
2022-05-04,4.6777,4.6777,4.682377699999999,4.6730222999999995,1000000,4.6777,085/A/NBP/2022
2022-05-05,4.6658,4.6658,4.6704658,4.6611342,1000000,4.6658,086/A/NBP/2022
2022-05-06,4.6979,4.6979,4.702597899999999,4.6932021,1000000,4.6979,087/A/NBP/2022
2022-05-09,4.7059,4.7059,4.710605899999999,4.7011940999999995,1000000,4.7059,088/A/NBP/2022
2022-05-10,4.6761,4.6761,4.680776099999999,4.6714239,1000000,4.6761,089/A/NBP/2022
2022-05-11,4.67,4.67,4.674669999999999,4.66533,1000000,4.67,090/A/NBP/2022
2022-05-12,4.6841,4.6841,4.6887840999999995,4.6794158999999995,1000000,4.6841,091/A/NBP/2022
2022-05-13,4.6679,4.6679,4.6725679,4.6632321,1000000,4.6679,092/A/NBP/2022
2022-05-16,4.6724,4.6724,4.677072399999999,4.6677276,1000000,4.6724,093/A/NBP/2022
2022-05-17,4.6558,4.6558,4.660455799999999,4.6511442,1000000,4.6558,094/A/NBP/2022
2022-05-18,4.6528,4.6528,4.6574528,4.6481472,1000000,4.6528,095/A/NBP/2022
2022-05-19,4.6429,4.6429,4.6475428999999995,4.6382571,1000000,4.6429,096/A/NBP/2022
2022-05-20,4.6366,4.6366,4.641236599999999,4.631963399999999,1000000,4.6366,097/A/NBP/2022
2022-05-23,4.6171,4.6171,4.6217171,4.6124829,1000000,4.6171,098/A/NBP/2022
2022-05-24,4.6107,4.6107,4.615310699999999,4.6060893,1000000,4.6107,099/A/NBP/2022
2022-05-25,4.5955,4.5955,4.6000955,4.590904500000001,1000000,4.5955,100/A/NBP/2022
2022-05-26,4.6135,4.6135,4.6181135,4.6088865000000006,1000000,4.6135,101/A/NBP/2022
2022-05-27,4.6102,4.6102,4.614810199999999,4.6055898,1000000,4.6102,102/A/NBP/2022
2022-05-30,4.5869,4.5869,4.5914869,4.5823131,1000000,4.5869,103/A/NBP/2022
2022-05-31,4.5756,4.5756,4.5801756,4.5710244,1000000,4.5756,104/A/NBP/2022
2022-06-01,4.5891,4.5891,4.5936891,4.584510900000001,1000000,4.5891,105/A/NBP/2022
2022-06-02,4.5876,4.5876,4.5921876,4.5830124,1000000,4.5876,106/A/NBP/2022
2022-06-03,4.5908,4.5908,4.5953908,4.5862092,1000000,4.5908,107/A/NBP/2022
2022-06-06,4.588,4.588,4.592587999999999,4.583412,1000000,4.588,108/A/NBP/2022
2022-06-07,4.5855,4.5855,4.590085499999999,4.5809145,1000000,4.5855,109/A/NBP/2022
2022-06-08,4.5817,4.5817,4.586281699999999,4.5771182999999995,1000000,4.5817,110/A/NBP/2022
2022-06-09,4.5826,4.5826,4.587182599999999,4.5780174,1000000,4.5826,111/A/NBP/2022
2022-06-10,4.603,4.603,4.607602999999999,4.598396999999999,1000000,4.603,112/A/NBP/2022
2022-06-13,4.6313,4.6313,4.6359313,4.626668700000001,1000000,4.6313,113/A/NBP/2022
2022-06-14,4.6548,4.6548,4.659454799999999,4.6501452,1000000,4.6548,114/A/NBP/2022
2022-06-15,4.6642,4.6642,4.6688642,4.6595358000000004,1000000,4.6642,115/A/NBP/2022
2022-06-17,4.6951,4.6951,4.699795099999999,4.6904049,1000000,4.6951,116/A/NBP/2022
2022-06-20,4.6731,4.6731,4.6777731,4.6684269,1000000,4.6731,117/A/NBP/2022
2022-06-21,4.646,4.646,4.650645999999999,4.641354,1000000,4.646,118/A/NBP/2022
2022-06-22,4.659,4.659,4.663658999999999,4.654341,1000000,4.659,119/A/NBP/2022
2022-06-23,4.7096,4.7096,4.714309599999999,4.7048904,1000000,4.7096,120/A/NBP/2022
2022-06-24,4.7094,4.7094,4.714109399999999,4.704690599999999,1000000,4.7094,121/A/NBP/2022
2022-06-27,4.6965,4.6965,4.7011965,4.691803500000001,1000000,4.6965,122/A/NBP/2022
2022-06-28,4.7004,4.7004,4.705100399999999,4.6956996,1000000,4.7004,123/A/NBP/2022
2022-06-29,4.6809,4.6809,4.6855809,4.6762191,1000000,4.6809,124/A/NBP/2022
2022-06-30,4.6806,4.6806,4.6852806,4.6759194,1000000,4.6806,125/A/NBP/2022
2022-07-01,4.7176,4.7176,4.722317599999999,4.7128824,1000000,4.7176,126/A/NBP/2022
2022-07-04,4.7002,4.7002,4.704900199999999,4.6954997999999994,1000000,4.7002,127/A/NBP/2022
2022-07-05,4.7358,4.7358,4.7405358,4.7310642000000005,1000000,4.7358,128/A/NBP/2022
2022-07-06,4.7942,4.7942,4.798994199999999,4.7894058,1000000,4.7942,129/A/NBP/2022
2022-07-07,4.7965,4.7965,4.801296499999999,4.7917035,1000000,4.7965,130/A/NBP/2022
2022-07-08,4.7958,4.7958,4.800595799999999,4.7910042,1000000,4.7958,131/A/NBP/2022
2022-07-11,4.7976,4.7976,4.8023976,4.7928024,1000000,4.7976,132/A/NBP/2022
2022-07-12,4.8337,4.8337,4.8385337,4.8288663000000005,1000000,4.8337,133/A/NBP/2022
2022-07-13,4.8399,4.8399,4.8447398999999995,4.8350601,1000000,4.8399,134/A/NBP/2022
2022-07-14,4.8371,4.8371,4.8419371,4.832262900000001,1000000,4.8371,135/A/NBP/2022
2022-07-15,4.8115,4.8115,4.816311499999999,4.8066885,1000000,4.8115,136/A/NBP/2022
2022-07-18,4.777,4.777,4.781777,4.772223,1000000,4.777,137/A/NBP/2022
2022-07-19,4.7731,4.7731,4.7778731,4.7683269,1000000,4.7731,138/A/NBP/2022
2022-07-20,4.7603,4.7603,4.765060299999999,4.7555397,1000000,4.7603,139/A/NBP/2022
2022-07-21,4.7578,4.7578,4.762557799999999,4.753042199999999,1000000,4.7578,140/A/NBP/2022
2022-07-22,4.7643,4.7643,4.7690643,4.759535700000001,1000000,4.7643,141/A/NBP/2022
2022-07-25,4.7196,4.7196,4.724319599999999,4.7148804,1000000,4.7196,142/A/NBP/2022
2022-07-26,4.7183,4.7183,4.7230183,4.7135817,1000000,4.7183,143/A/NBP/2022
2022-07-27,4.7811,4.7811,4.7858811,4.776318900000001,1000000,4.7811,144/A/NBP/2022
2022-07-28,4.7973,4.7973,4.8020973,4.7925027,1000000,4.7973,145/A/NBP/2022
2022-07-29,4.7399,4.7399,4.744639899999999,4.7351601,1000000,4.7399,146/A/NBP/2022
2022-08-01,4.7475,4.7475,4.752247499999999,4.7427525,1000000,4.7475,147/A/NBP/2022
2022-08-02,4.7092,4.7092,4.7139092,4.7044908,1000000,4.7092,148/A/NBP/2022
2022-08-03,4.7032,4.7032,4.7079032,4.6984968,1000000,4.7032,149/A/NBP/2022
2022-08-04,4.723,4.723,4.727722999999999,4.718277,1000000,4.723,150/A/NBP/2022
2022-08-05,4.7053,4.7053,4.7100053,4.7005947,1000000,4.7053,151/A/NBP/2022
2022-08-08,4.7013,4.7013,4.7060013,4.6965987,1000000,4.7013,152/A/NBP/2022
2022-08-09,4.7021,4.7021,4.706802099999999,4.6973978999999995,1000000,4.7021,153/A/NBP/2022
2022-08-10,4.7138,4.7138,4.718513799999999,4.7090862,1000000,4.7138,154/A/NBP/2022
2022-08-11,4.6745,4.6745,4.679174499999999,4.6698255,1000000,4.6745,155/A/NBP/2022
2022-08-12,4.6832,4.6832,4.6878832,4.678516800000001,1000000,4.6832,156/A/NBP/2022
2022-08-16,4.6928,4.6928,4.697492799999999,4.6881072,1000000,4.6928,157/A/NBP/2022
2022-08-17,4.6921,4.6921,4.6967921,4.6874079,1000000,4.6921,158/A/NBP/2022
2022-08-18,4.7244,4.7244,4.7291244,4.7196756,1000000,4.7244,159/A/NBP/2022
2022-08-19,4.748,4.748,4.7527479999999995,4.743252,1000000,4.748,160/A/NBP/2022
2022-08-22,4.7493,4.7493,4.754049299999999,4.7445507,1000000,4.7493,161/A/NBP/2022
2022-08-23,4.7706,4.7706,4.7753706,4.7658294,1000000,4.7706,162/A/NBP/2022
2022-08-24,4.7772,4.7772,4.781977199999999,4.772422799999999,1000000,4.7772,163/A/NBP/2022
2022-08-25,4.7584,4.7584,4.763158399999999,4.7536416,1000000,4.7584,164/A/NBP/2022
2022-08-26,4.7413,4.7413,4.746041299999999,4.7365587,1000000,4.7413,165/A/NBP/2022
2022-08-29,4.7529,4.7529,4.7576529,4.748147100000001,1000000,4.7529,166/A/NBP/2022
2022-08-30,4.7328,4.7328,4.737532799999999,4.7280672,1000000,4.7328,167/A/NBP/2022
2022-08-31,4.7265,4.7265,4.731226499999999,4.721773499999999,1000000,4.7265,168/A/NBP/2022
2022-09-01,4.7133,4.7133,4.7180133,4.708586700000001,1000000,4.7133,169/A/NBP/2022
2022-09-02,4.7144,4.7144,4.7191144,4.7096856,1000000,4.7144,170/A/NBP/2022
2022-09-05,4.7263,4.7263,4.7310263,4.7215737,1000000,4.7263,171/A/NBP/2022
2022-09-06,4.7168,4.7168,4.7215168,4.7120832,1000000,4.7168,172/A/NBP/2022
2022-09-07,4.7137,4.7137,4.718413699999999,4.7089863,1000000,4.7137,173/A/NBP/2022
2022-09-08,4.7244,4.7244,4.7291244,4.7196756,1000000,4.7244,174/A/NBP/2022
2022-09-09,4.7098,4.7098,4.7145098,4.705090200000001,1000000,4.7098,175/A/NBP/2022
2022-09-12,4.7113,4.7113,4.716011299999999,4.706588699999999,1000000,4.7113,176/A/NBP/2022
2022-09-13,4.7082,4.7082,4.712908199999999,4.7034918,1000000,4.7082,177/A/NBP/2022
2022-09-14,4.7195,4.7195,4.724219499999999,4.7147805,1000000,4.7195,178/A/NBP/2022
2022-09-15,4.7164,4.7164,4.7211164,4.7116836,1000000,4.7164,179/A/NBP/2022
2022-09-16,4.7176,4.7176,4.722317599999999,4.7128824,1000000,4.7176,180/A/NBP/2022
2022-09-19,4.7142,4.7142,4.7189141999999995,4.7094857999999995,1000000,4.7142,181/A/NBP/2022
2022-09-20,4.7165,4.7165,4.7212165,4.7117835,1000000,4.7165,182/A/NBP/2022
2022-09-21,4.7449,4.7449,4.7496449,4.7401551,1000000,4.7449,183/A/NBP/2022
2022-09-22,4.7758,4.7758,4.780575799999999,4.7710242,1000000,4.7758,184/A/NBP/2022
2022-09-23,4.7591,4.7591,4.7638590999999995,4.7543409,1000000,4.7591,185/A/NBP/2022
2022-09-26,4.7566,4.7566,4.761356599999999,4.751843399999999,1000000,4.7566,186/A/NBP/2022
2022-09-27,4.7616,4.7616,4.766361599999999,4.7568383999999995,1000000,4.7616,187/A/NBP/2022
2022-09-28,4.8147,4.8147,4.8195147,4.8098853,1000000,4.8147,188/A/NBP/2022
2022-09-29,4.8637,4.8637,4.868563699999999,4.8588363,1000000,4.8637,189/A/NBP/2022
2022-09-30,4.8698,4.8698,4.8746697999999995,4.8649302,1000000,4.8698,190/A/NBP/2022
2022-10-03,4.8272,4.8272,4.8320272,4.8223728,1000000,4.8272,191/A/NBP/2022
2022-10-04,4.8007,4.8007,4.8055007,4.7958993,1000000,4.8007,192/A/NBP/2022
2022-10-05,4.8128,4.8128,4.8176128,4.8079872,1000000,4.8128,193/A/NBP/2022
2022-10-06,4.8445,4.8445,4.849344499999999,4.8396555,1000000,4.8445,194/A/NBP/2022
2022-10-07,4.8606,4.8606,4.8654606,4.8557394,1000000,4.8606,195/A/NBP/2022
2022-10-10,4.8677,4.8677,4.872567699999999,4.8628323,1000000,4.8677,196/A/NBP/2022
2022-10-11,4.8711,4.8711,4.8759711,4.8662289,1000000,4.8711,197/A/NBP/2022
2022-10-12,4.8536,4.8536,4.8584536,4.8487464000000005,1000000,4.8536,198/A/NBP/2022
2022-10-13,4.8468,4.8468,4.851646799999999,4.8419532,1000000,4.8468,199/A/NBP/2022
2022-10-14,4.833,4.833,4.837833,4.8281670000000005,1000000,4.833,200/A/NBP/2022
2022-10-17,4.8229,4.8229,4.8277228999999995,4.8180771,1000000,4.8229,201/A/NBP/2022
2022-10-18,4.8092,4.8092,4.814009199999999,4.804390799999999,1000000,4.8092,202/A/NBP/2022
2022-10-19,4.7997,4.7997,4.804499699999999,4.794900299999999,1000000,4.7997,203/A/NBP/2022
2022-10-20,4.7955,4.7955,4.800295499999999,4.7907044999999995,1000000,4.7955,204/A/NBP/2022
2022-10-21,4.7804,4.7804,4.7851804,4.775619600000001,1000000,4.7804,205/A/NBP/2022
2022-10-24,4.7866,4.7866,4.791386599999999,4.7818134,1000000,4.7866,206/A/NBP/2022
2022-10-25,4.7805,4.7805,4.7852805,4.7757195,1000000,4.7805,207/A/NBP/2022
2022-10-26,4.7723,4.7723,4.7770722999999995,4.7675277000000005,1000000,4.7723,208/A/NBP/2022
2022-10-27,4.7504,4.7504,4.7551504,4.7456496,1000000,4.7504,209/A/NBP/2022
2022-10-28,4.7199,4.7199,4.7246198999999995,4.7151800999999995,1000000,4.7199,210/A/NBP/2022
2022-10-31,4.7089,4.7089,4.7136089,4.7041911,1000000,4.7089,211/A/NBP/2022
2022-11-02,4.7039,4.7039,4.708603899999999,4.6991961,1000000,4.7039,212/A/NBP/2022
2022-11-03,4.7101,4.7101,4.714810099999999,4.7053899,1000000,4.7101,213/A/NBP/2022
2022-11-04,4.6898,4.6898,4.6944897999999995,4.6851102,1000000,4.6898,214/A/NBP/2022
2022-11-07,4.6858,4.6858,4.6904858,4.681114200000001,1000000,4.6858,215/A/NBP/2022
2022-11-08,4.6912,4.6912,4.6958912,4.6865088,1000000,4.6912,216/A/NBP/2022
2022-11-09,4.7037,4.7037,4.7084037,4.6989963,1000000,4.7037,217/A/NBP/2022
2022-11-10,4.7146,4.7146,4.7193146,4.7098854,1000000,4.7146,218/A/NBP/2022
2022-11-14,4.6794,4.6794,4.6840794,4.674720600000001,1000000,4.6794,219/A/NBP/2022
2022-11-15,4.6985,4.6985,4.703198499999999,4.6938015,1000000,4.6985,220/A/NBP/2022
2022-11-16,4.6942,4.6942,4.6988942,4.6895058,1000000,4.6942,221/A/NBP/2022
2022-11-17,4.7039,4.7039,4.708603899999999,4.6991961,1000000,4.7039,222/A/NBP/2022
2022-11-18,4.7067,4.7067,4.7114066999999995,4.7019933,1000000,4.7067,223/A/NBP/2022
2022-11-21,4.7035,4.7035,4.7082035,4.6987965,1000000,4.7035,224/A/NBP/2022
2022-11-22,4.7075,4.7075,4.712207499999999,4.702792499999999,1000000,4.7075,225/A/NBP/2022
2022-11-23,4.6958,4.6958,4.7004958,4.6911042,1000000,4.6958,226/A/NBP/2022
2022-11-24,4.6993,4.6993,4.7039992999999996,4.6946007,1000000,4.6993,227/A/NBP/2022
2022-11-25,4.6884,4.6884,4.693088399999999,4.6837116,1000000,4.6884,228/A/NBP/2022
2022-11-28,4.6835,4.6835,4.6881835,4.678816500000001,1000000,4.6835,229/A/NBP/2022
2022-11-29,4.6813,4.6813,4.6859813,4.676618700000001,1000000,4.6813,230/A/NBP/2022
2022-11-30,4.6684,4.6684,4.6730684,4.6637316,1000000,4.6684,231/A/NBP/2022
2022-12-01,4.6892,4.6892,4.693889199999999,4.6845108,1000000,4.6892,232/A/NBP/2022
2022-12-02,4.685,4.685,4.689684999999999,4.680314999999999,1000000,4.685,233/A/NBP/2022
2022-12-05,4.6898,4.6898,4.6944897999999995,4.6851102,1000000,4.6898,234/A/NBP/2022
2022-12-06,4.6995,4.6995,4.704199499999999,4.6948004999999995,1000000,4.6995,235/A/NBP/2022
2022-12-07,4.6968,4.6968,4.701496799999999,4.6921032,1000000,4.6968,236/A/NBP/2022
2022-12-08,4.6976,4.6976,4.7022976,4.6929024,1000000,4.6976,237/A/NBP/2022
2022-12-09,4.6821,4.6821,4.686782099999999,4.6774179,1000000,4.6821,238/A/NBP/2022
2022-12-12,4.6912,4.6912,4.6958912,4.6865088,1000000,4.6912,239/A/NBP/2022
2022-12-13,4.6945,4.6945,4.699194499999999,4.689805499999999,1000000,4.6945,240/A/NBP/2022
2022-12-14,4.6886,4.6886,4.6932886,4.6839114,1000000,4.6886,241/A/NBP/2022
2022-12-15,4.6843,4.6843,4.6889842999999995,4.6796157,1000000,4.6843,242/A/NBP/2022
2022-12-16,4.6934,4.6934,4.698093399999999,4.6887066,1000000,4.6934,243/A/NBP/2022
2022-12-19,4.6886,4.6886,4.6932886,4.6839114,1000000,4.6886,244/A/NBP/2022
2022-12-20,4.6804,4.6804,4.6850803999999995,4.6757196,1000000,4.6804,245/A/NBP/2022
2022-12-21,4.6648,4.6648,4.669464799999999,4.6601352,1000000,4.6648,246/A/NBP/2022
2022-12-22,4.6551,4.6551,4.6597551,4.6504449,1000000,4.6551,247/A/NBP/2022
2022-12-23,4.6364,4.6364,4.6410364,4.6317636,1000000,4.6364,248/A/NBP/2022
2022-12-27,4.6558,4.6558,4.660455799999999,4.6511442,1000000,4.6558,249/A/NBP/2022
2022-12-28,4.6938,4.6938,4.6984938,4.6891062,1000000,4.6938,250/A/NBP/2022
2022-12-29,4.6969,4.6969,4.7015969,4.6922031,1000000,4.6969,251/A/NBP/2022
2022-12-30,4.6899,4.6899,4.6945898999999995,4.6852101,1000000,4.6899,252/A/NBP/2022
2023-01-02,4.6784,4.6784,4.683078399999999,4.6737215999999995,1000000,4.6784,001/A/NBP/2023
2023-01-03,4.68,4.68,4.684679999999999,4.67532,1000000,4.68,002/A/NBP/2023
2023-01-04,4.6688,4.6688,4.673468799999999,4.6641312,1000000,4.6688,003/A/NBP/2023
2023-01-05,4.6709,4.6709,4.675570899999999,4.6662291,1000000,4.6709,004/A/NBP/2023
2023-01-09,4.697,4.697,4.701696999999999,4.692303,1000000,4.697,005/A/NBP/2023
2023-01-10,4.6981,4.6981,4.7027981,4.6934019000000005,1000000,4.6981,006/A/NBP/2023
2023-01-11,4.6871,4.6871,4.691787099999999,4.6824129,1000000,4.6871,007/A/NBP/2023
2023-01-12,4.6888,4.6888,4.693488799999999,4.684111199999999,1000000,4.6888,008/A/NBP/2023
2023-01-13,4.6915,4.6915,4.696191499999999,4.6868085,1000000,4.6915,009/A/NBP/2023
2023-01-16,4.7004,4.7004,4.705100399999999,4.6956996,1000000,4.7004,010/A/NBP/2023
2023-01-17,4.6946,4.6946,4.6992946,4.689905400000001,1000000,4.6946,011/A/NBP/2023
2023-01-18,4.7091,4.7091,4.7138091,4.7043909,1000000,4.7091,012/A/NBP/2023
2023-01-19,4.7053,4.7053,4.7100053,4.7005947,1000000,4.7053,013/A/NBP/2023
2023-01-20,4.7137,4.7137,4.718413699999999,4.7089863,1000000,4.7137,014/A/NBP/2023
2023-01-23,4.7186,4.7186,4.7233186,4.7138814,1000000,4.7186,015/A/NBP/2023
2023-01-24,4.7073,4.7073,4.7120073,4.7025927,1000000,4.7073,016/A/NBP/2023
2023-01-25,4.7079,4.7079,4.7126079,4.703192100000001,1000000,4.7079,017/A/NBP/2023
2023-01-26,4.7239,4.7239,4.7286239,4.7191761,1000000,4.7239,018/A/NBP/2023
2023-01-27,4.7076,4.7076,4.7123076,4.7028924000000005,1000000,4.7076,019/A/NBP/2023
2023-01-30,4.716,4.716,4.7207159999999995,4.711284,1000000,4.716,020/A/NBP/2023
2023-01-31,4.7089,4.7089,4.7136089,4.7041911,1000000,4.7089,021/A/NBP/2023
2023-02-01,4.708,4.708,4.712707999999999,4.703292,1000000,4.708,022/A/NBP/2023
2023-02-02,4.7079,4.7079,4.7126079,4.703192100000001,1000000,4.7079,023/A/NBP/2023
2023-02-03,4.692,4.692,4.696692,4.687308,1000000,4.692,024/A/NBP/2023
2023-02-06,4.7195,4.7195,4.724219499999999,4.7147805,1000000,4.7195,025/A/NBP/2023
2023-02-07,4.7476,4.7476,4.752347599999999,4.7428524,1000000,4.7476,026/A/NBP/2023
2023-02-08,4.7402,4.7402,4.744940199999999,4.7354598,1000000,4.7402,027/A/NBP/2023
2023-02-09,4.7363,4.7363,4.741036299999999,4.7315637,1000000,4.7363,028/A/NBP/2023
2023-02-10,4.7716,4.7716,4.7763716,4.7668284000000005,1000000,4.7716,029/A/NBP/2023
2023-02-13,4.7895,4.7895,4.7942895,4.7847105,1000000,4.7895,030/A/NBP/2023
2023-02-14,4.7847,4.7847,4.789484699999999,4.7799153,1000000,4.7847,031/A/NBP/2023
2023-02-15,4.7593,4.7593,4.7640592999999996,4.7545407,1000000,4.7593,032/A/NBP/2023
2023-02-16,4.7728,4.7728,4.7775728,4.768027200000001,1000000,4.7728,033/A/NBP/2023
2023-02-17,4.7747,4.7747,4.7794747,4.769925300000001,1000000,4.7747,034/A/NBP/2023
2023-02-20,4.7542,4.7542,4.7589542,4.7494458,1000000,4.7542,035/A/NBP/2023
2023-02-21,4.7469,4.7469,4.7516469,4.7421531,1000000,4.7469,036/A/NBP/2023
2023-02-22,4.7538,4.7538,4.7585538,4.7490462,1000000,4.7538,037/A/NBP/2023
2023-02-23,4.7525,4.7525,4.7572525,4.7477475,1000000,4.7525,038/A/NBP/2023
2023-02-24,4.7245,4.7245,4.729224499999999,4.7197755,1000000,4.7245,039/A/NBP/2023
2023-02-27,4.7162,4.7162,4.7209162,4.7114838,1000000,4.7162,040/A/NBP/2023
2023-02-28,4.717,4.717,4.721716999999999,4.712282999999999,1000000,4.717,041/A/NBP/2023
2023-03-01,4.6925,4.6925,4.697192499999999,4.6878075,1000000,4.6925,042/A/NBP/2023
2023-03-02,4.675,4.675,4.679675,4.670325,1000000,4.675,043/A/NBP/2023
2023-03-03,4.7046,4.7046,4.709304599999999,4.6998954,1000000,4.7046,044/A/NBP/2023
2023-03-06,4.7073,4.7073,4.7120073,4.7025927,1000000,4.7073,045/A/NBP/2023
2023-03-07,4.6871,4.6871,4.691787099999999,4.6824129,1000000,4.6871,046/A/NBP/2023
2023-03-08,4.7018,4.7018,4.7065018,4.6970982,1000000,4.7018,047/A/NBP/2023
2023-03-09,4.6836,4.6836,4.6882836,4.6789164,1000000,4.6836,048/A/NBP/2023
2023-03-10,4.6838,4.6838,4.688483799999999,4.6791162,1000000,4.6838,049/A/NBP/2023
2023-03-13,4.6848,4.6848,4.6894848,4.6801152,1000000,4.6848,050/A/NBP/2023
2023-03-14,4.6909,4.6909,4.695590899999999,4.6862091,1000000,4.6909,051/A/NBP/2023
2023-03-15,4.7015,4.7015,4.7062015,4.6967985,1000000,4.7015,052/A/NBP/2023
2023-03-16,4.6978,4.6978,4.7024978,4.6931022,1000000,4.6978,053/A/NBP/2023
2023-03-17,4.7062,4.7062,4.710906199999999,4.7014938,1000000,4.7062,054/A/NBP/2023
2023-03-20,4.7109,4.7109,4.715610899999999,4.7061891,1000000,4.7109,055/A/NBP/2023
2023-03-21,4.6981,4.6981,4.7027981,4.6934019000000005,1000000,4.6981,056/A/NBP/2023
2023-03-22,4.6888,4.6888,4.693488799999999,4.684111199999999,1000000,4.6888,057/A/NBP/2023
2023-03-23,4.6817,4.6817,4.6863817,4.6770183,1000000,4.6817,058/A/NBP/2023
2023-03-24,4.6911,4.6911,4.695791099999999,4.6864089,1000000,4.6911,059/A/NBP/2023
2023-03-27,4.6856,4.6856,4.690285599999999,4.6809144,1000000,4.6856,060/A/NBP/2023
2023-03-28,4.6816,4.6816,4.6862816,4.676918400000001,1000000,4.6816,061/A/NBP/2023
2023-03-29,4.685,4.685,4.689684999999999,4.680314999999999,1000000,4.685,062/A/NBP/2023
2023-03-30,4.6801,4.6801,4.6847801,4.6754199000000005,1000000,4.6801,063/A/NBP/2023
2023-03-31,4.6755,4.6755,4.6801755,4.6708245,1000000,4.6755,064/A/NBP/2023
2023-04-03,4.6805,4.6805,4.6851804999999995,4.6758195,1000000,4.6805,065/A/NBP/2023
2023-04-04,4.6785,4.6785,4.6831784999999995,4.6738215,1000000,4.6785,066/A/NBP/2023
2023-04-05,4.6803,4.6803,4.684980299999999,4.6756196999999995,1000000,4.6803,067/A/NBP/2023
2023-04-06,4.6902,4.6902,4.6948902,4.6855098,1000000,4.6902,068/A/NBP/2023
2023-04-07,4.6862,4.6862,4.6908862,4.6815138,1000000,4.6862,069/A/NBP/2023
2023-04-11,4.681,4.681,4.685681,4.676319,1000000,4.681,070/A/NBP/2023
2023-04-12,4.666,4.666,4.670666,4.661334,1000000,4.666,071/A/NBP/2023
2023-04-13,4.6511,4.6511,4.655751099999999,4.646448899999999,1000000,4.6511,072/A/NBP/2023
2023-04-14,4.6494,4.6494,4.6540494,4.6447506,1000000,4.6494,073/A/NBP/2023
2023-04-17,4.6341,4.6341,4.6387341,4.6294659000000005,1000000,4.6341,074/A/NBP/2023
2023-04-18,4.6286,4.6286,4.633228599999999,4.623971399999999,1000000,4.6286,075/A/NBP/2023
2023-04-19,4.6278,4.6278,4.632427799999999,4.6231722,1000000,4.6278,076/A/NBP/2023
2023-04-20,4.6109,4.6109,4.615510899999999,4.6062891,1000000,4.6109,077/A/NBP/2023
2023-04-21,4.6039,4.6039,4.6085039,4.5992961,1000000,4.6039,078/A/NBP/2023
2023-04-24,4.6129,4.6129,4.6175128999999995,4.6082871,1000000,4.6129,079/A/NBP/2023
2023-04-25,4.598,4.598,4.6025979999999995,4.593402,1000000,4.598,080/A/NBP/2023
2023-04-26,4.5887,4.5887,4.5932887,4.5841113,1000000,4.5887,081/A/NBP/2023
2023-04-27,4.5915,4.5915,4.596091499999999,4.5869085,1000000,4.5915,082/A/NBP/2023
2023-04-28,4.5889,4.5889,4.5934889,4.5843111,1000000,4.5889,083/A/NBP/2023
2023-05-02,4.5892,4.5892,4.5937892,4.5846108,1000000,4.5892,084/A/NBP/2023
2023-05-04,4.5868,4.5868,4.5913867999999995,4.5822132,1000000,4.5868,085/A/NBP/2023
2023-05-05,4.5885,4.5885,4.5930884999999995,4.5839115,1000000,4.5885,086/A/NBP/2023
2023-05-08,4.5671,4.5671,4.571667099999999,4.5625329,1000000,4.5671,087/A/NBP/2023
2023-05-09,4.5683,4.5683,4.5728683,4.5637317,1000000,4.5683,088/A/NBP/2023
2023-05-10,4.5488,4.5488,4.553348799999999,4.5442512,1000000,4.5488,089/A/NBP/2023
2023-05-11,4.5259,4.5259,4.530425899999999,4.5213741,1000000,4.5259,090/A/NBP/2023
2023-05-12,4.5444,4.5444,4.5489444,4.5398556,1000000,4.5444,091/A/NBP/2023
2023-05-15,4.5096,4.5096,4.514109599999999,4.505090399999999,1000000,4.5096,092/A/NBP/2023
2023-05-16,4.4904,4.4904,4.4948904,4.4859096,1000000,4.4904,093/A/NBP/2023
2023-05-17,4.4945,4.4945,4.4989945,4.4900055000000005,1000000,4.4945,094/A/NBP/2023
2023-05-18,4.5355,4.5355,4.540035499999999,4.5309645,1000000,4.5355,095/A/NBP/2023
2023-05-19,4.5367,4.5367,4.541236699999999,4.5321633,1000000,4.5367,096/A/NBP/2023
2023-05-22,4.5269,4.5269,4.5314269,4.5223731,1000000,4.5269,097/A/NBP/2023
2023-05-23,4.4981,4.4981,4.502598099999999,4.4936019,1000000,4.4981,098/A/NBP/2023
2023-05-24,4.4803,4.4803,4.484780299999999,4.4758197,1000000,4.4803,099/A/NBP/2023
2023-05-25,4.503,4.503,4.507503,4.498497,1000000,4.503,100/A/NBP/2023
2023-05-26,4.5242,4.5242,4.5287242,4.519675800000001,1000000,4.5242,101/A/NBP/2023
2023-05-29,4.5294,4.5294,4.533929399999999,4.5248706,1000000,4.5294,102/A/NBP/2023
2023-05-30,4.522,4.522,4.526522,4.5174780000000005,1000000,4.522,103/A/NBP/2023
2023-05-31,4.5376,4.5376,4.5421376,4.5330624,1000000,4.5376,104/A/NBP/2023
2023-06-01,4.5312,4.5312,4.5357312,4.5266688,1000000,4.5312,105/A/NBP/2023
2023-06-02,4.5148,4.5148,4.5193148,4.5102852,1000000,4.5148,106/A/NBP/2023
2023-06-05,4.4851,4.4851,4.489585099999999,4.4806149,1000000,4.4851,107/A/NBP/2023
2023-06-06,4.4902,4.4902,4.494690199999999,4.4857097999999995,1000000,4.4902,108/A/NBP/2023
2023-06-07,4.479,4.479,4.483479,4.474521,1000000,4.479,109/A/NBP/2023
2023-06-09,4.4717,4.4717,4.4761717,4.4672283,1000000,4.4717,110/A/NBP/2023
2023-06-12,4.4366,4.4366,4.4410365999999994,4.4321634,1000000,4.4366,111/A/NBP/2023
2023-06-13,4.4783,4.4783,4.4827783,4.4738217,1000000,4.4783,112/A/NBP/2023
2023-06-14,4.4715,4.4715,4.475971499999999,4.4670285,1000000,4.4715,113/A/NBP/2023
2023-06-15,4.4633,4.4633,4.4677633,4.4588367,1000000,4.4633,114/A/NBP/2023
2023-06-16,4.4583,4.4583,4.4627583,4.453841700000001,1000000,4.4583,115/A/NBP/2023
2023-06-19,4.4457,4.4457,4.4501457,4.441254300000001,1000000,4.4457,116/A/NBP/2023
2023-06-20,4.4386,4.4386,4.4430385999999995,4.4341614,1000000,4.4386,117/A/NBP/2023
2023-06-21,4.4408,4.4408,4.4452408,4.4363592,1000000,4.4408,118/A/NBP/2023
2023-06-22,4.4335,4.4335,4.4379335,4.4290665,1000000,4.4335,119/A/NBP/2023
2023-06-23,4.4367,4.4367,4.4411366999999995,4.4322633,1000000,4.4367,120/A/NBP/2023
2023-06-26,4.4297,4.4297,4.4341297,4.4252703,1000000,4.4297,121/A/NBP/2023
2023-06-27,4.4286,4.4286,4.4330286,4.4241714000000005,1000000,4.4286,122/A/NBP/2023
2023-06-28,4.46,4.46,4.46446,4.45554,1000000,4.46,123/A/NBP/2023
2023-06-29,4.4568,4.4568,4.4612568,4.4523432000000005,1000000,4.4568,124/A/NBP/2023
2023-06-30,4.4503,4.4503,4.4547503,4.4458497,1000000,4.4503,125/A/NBP/2023
2023-07-03,4.4321,4.4321,4.4365321,4.4276679,1000000,4.4321,126/A/NBP/2023
2023-07-04,4.4273,4.4273,4.4317272999999995,4.4228727,1000000,4.4273,127/A/NBP/2023
2023-07-05,4.4498,4.4498,4.4542497999999995,4.4453502,1000000,4.4498,128/A/NBP/2023
2023-07-06,4.4754,4.4754,4.479875399999999,4.4709246,1000000,4.4754,129/A/NBP/2023
2023-07-07,4.4803,4.4803,4.484780299999999,4.4758197,1000000,4.4803,130/A/NBP/2023
2023-07-10,4.4553,4.4553,4.459755299999999,4.4508447,1000000,4.4553,131/A/NBP/2023
2023-07-11,4.4426,4.4426,4.447042599999999,4.4381574,1000000,4.4426,132/A/NBP/2023
2023-07-12,4.4471,4.4471,4.451547099999999,4.4426529,1000000,4.4471,133/A/NBP/2023
2023-07-13,4.4336,4.4336,4.4380336,4.429166400000001,1000000,4.4336,134/A/NBP/2023
2023-07-14,4.4486,4.4486,4.4530486,4.4441514,1000000,4.4486,135/A/NBP/2023
2023-07-17,4.452,4.452,4.456452,4.447548,1000000,4.452,136/A/NBP/2023
2023-07-18,4.4331,4.4331,4.437533099999999,4.4286669,1000000,4.4331,137/A/NBP/2023
2023-07-19,4.4492,4.4492,4.4536492,4.4447508000000004,1000000,4.4492,138/A/NBP/2023
2023-07-20,4.4511,4.4511,4.4555511,4.4466489000000005,1000000,4.4511,139/A/NBP/2023
2023-07-21,4.4501,4.4501,4.4545501,4.4456499,1000000,4.4501,140/A/NBP/2023
2023-07-24,4.4517,4.4517,4.4561516999999995,4.4472483,1000000,4.4517,141/A/NBP/2023
2023-07-25,4.4348,4.4348,4.4392347999999995,4.4303652,1000000,4.4348,142/A/NBP/2023
2023-07-26,4.4248,4.4248,4.4292248,4.4203752000000005,1000000,4.4248,143/A/NBP/2023
2023-07-27,4.4224,4.4224,4.426822399999999,4.4179775999999995,1000000,4.4224,144/A/NBP/2023
2023-07-28,4.4257,4.4257,4.4301257,4.4212743,1000000,4.4257,145/A/NBP/2023
2023-07-31,4.4135,4.4135,4.417913499999999,4.4090865,1000000,4.4135,146/A/NBP/2023
2023-08-01,4.419,4.419,4.423418999999999,4.414580999999999,1000000,4.419,147/A/NBP/2023
2023-08-02,4.4484,4.4484,4.4528484,4.4439516,1000000,4.4484,148/A/NBP/2023
2023-08-03,4.4585,4.4585,4.462958499999999,4.4540415,1000000,4.4585,149/A/NBP/2023
2023-08-04,4.4438,4.4438,4.4482438,4.439356200000001,1000000,4.4438,150/A/NBP/2023
2023-08-07,4.4279,4.4279,4.4323279,4.423472100000001,1000000,4.4279,151/A/NBP/2023
2023-08-08,4.4375,4.4375,4.4419375,4.4330625,1000000,4.4375,152/A/NBP/2023
2023-08-09,4.4586,4.4586,4.463058599999999,4.454141399999999,1000000,4.4586,153/A/NBP/2023
2023-08-10,4.465,4.465,4.469465,4.460535,1000000,4.465,154/A/NBP/2023
2023-08-11,4.4547,4.4547,4.459154699999999,4.4502453,1000000,4.4547,155/A/NBP/2023
2023-08-14,4.4361,4.4361,4.440536099999999,4.431663899999999,1000000,4.4361,156/A/NBP/2023
2023-08-16,4.4621,4.4621,4.4665621,4.457637900000001,1000000,4.4621,157/A/NBP/2023
2023-08-17,4.4681,4.4681,4.472568099999999,4.463631899999999,1000000,4.4681,158/A/NBP/2023
2023-08-18,4.4869,4.4869,4.4913869,4.4824131000000005,1000000,4.4869,159/A/NBP/2023
2023-08-21,4.4768,4.4768,4.4812768,4.4723232,1000000,4.4768,160/A/NBP/2023
2023-08-22,4.4648,4.4648,4.4692647999999995,4.4603352,1000000,4.4648,161/A/NBP/2023
2023-08-23,4.4834,4.4834,4.487883399999999,4.4789166,1000000,4.4834,162/A/NBP/2023
2023-08-24,4.473,4.473,4.477473,4.468527,1000000,4.473,163/A/NBP/2023
2023-08-25,4.4674,4.4674,4.471867399999999,4.462932599999999,1000000,4.4674,164/A/NBP/2023
2023-08-28,4.4716,4.4716,4.476071599999999,4.4671284,1000000,4.4716,165/A/NBP/2023
2023-08-29,4.469,4.469,4.473469,4.464531,1000000,4.469,166/A/NBP/2023
2023-08-30,4.474,4.474,4.478473999999999,4.469526,1000000,4.474,167/A/NBP/2023
2023-08-31,4.4684,4.4684,4.472868399999999,4.4639315999999996,1000000,4.4684,168/A/NBP/2023
2023-09-01,4.4762,4.4762,4.4806761999999996,4.4717238,1000000,4.4762,169/A/NBP/2023
2023-09-04,4.4653,4.4653,4.4697653,4.4608347,1000000,4.4653,170/A/NBP/2023
2023-09-05,4.4764,4.4764,4.4808764,4.4719236,1000000,4.4764,171/A/NBP/2023
2023-09-06,4.4974,4.4974,4.501897399999999,4.4929026,1000000,4.4974,172/A/NBP/2023
2023-09-07,4.594,4.594,4.598593999999999,4.589406,1000000,4.594,173/A/NBP/2023
2023-09-08,4.6019,4.6019,4.6065019,4.5972981,1000000,4.6019,174/A/NBP/2023
2023-09-11,4.6209,4.6209,4.6255209,4.6162791,1000000,4.6209,175/A/NBP/2023
2023-09-12,4.6836,4.6836,4.6882836,4.6789164,1000000,4.6836,176/A/NBP/2023
2023-09-13,4.6402,4.6402,4.6448402,4.6355598,1000000,4.6402,177/A/NBP/2023
2023-09-14,4.6285,4.6285,4.6331285,4.6238715,1000000,4.6285,178/A/NBP/2023
2023-09-15,4.6307,4.6307,4.6353307,4.6260693,1000000,4.6307,179/A/NBP/2023
2023-09-18,4.6377,4.6377,4.642337699999999,4.6330623,1000000,4.6377,180/A/NBP/2023
2023-09-19,4.6458,4.6458,4.6504458,4.641154200000001,1000000,4.6458,181/A/NBP/2023
2023-09-20,4.6529,4.6529,4.657552899999999,4.6482471,1000000,4.6529,182/A/NBP/2023
2023-09-21,4.621,4.621,4.625621,4.616379,1000000,4.621,183/A/NBP/2023
2023-09-22,4.6069,4.6069,4.6115069,4.602293100000001,1000000,4.6069,184/A/NBP/2023
2023-09-25,4.5892,4.5892,4.5937892,4.5846108,1000000,4.5892,185/A/NBP/2023
2023-09-26,4.6077,4.6077,4.6123077,4.6030923,1000000,4.6077,186/A/NBP/2023
2023-09-27,4.6065,4.6065,4.611106499999999,4.601893499999999,1000000,4.6065,187/A/NBP/2023
2023-09-28,4.634,4.634,4.638634,4.629366,1000000,4.634,188/A/NBP/2023
2023-09-29,4.6356,4.6356,4.6402356,4.6309644,1000000,4.6356,189/A/NBP/2023
2023-10-02,4.6091,4.6091,4.6137090999999995,4.6044909,1000000,4.6091,190/A/NBP/2023
2023-10-03,4.6147,4.6147,4.619314699999999,4.6100853,1000000,4.6147,191/A/NBP/2023
2023-10-04,4.6303,4.6303,4.6349303,4.6256697,1000000,4.6303,192/A/NBP/2023
2023-10-05,4.5974,4.5974,4.6019974,4.592802600000001,1000000,4.5974,193/A/NBP/2023
2023-10-06,4.5998,4.5998,4.6043997999999995,4.5952002,1000000,4.5998,194/A/NBP/2023
2023-10-09,4.5793,4.5793,4.5838792999999995,4.5747207,1000000,4.5793,195/A/NBP/2023
2023-10-10,4.5581,4.5581,4.562658099999999,4.5535419,1000000,4.5581,196/A/NBP/2023
2023-10-11,4.5183,4.5183,4.522818299999999,4.5137817,1000000,4.5183,197/A/NBP/2023
2023-10-12,4.5329,4.5329,4.537432899999999,4.5283671,1000000,4.5329,198/A/NBP/2023
2023-10-13,4.5417,4.5417,4.5462416999999995,4.5371583,1000000,4.5417,199/A/NBP/2023
2023-10-16,4.4804,4.4804,4.4848804,4.4759196,1000000,4.4804,200/A/NBP/2023
2023-10-17,4.4389,4.4389,4.4433389,4.4344611,1000000,4.4389,201/A/NBP/2023
2023-10-18,4.4488,4.4488,4.4532488,4.444351200000001,1000000,4.4488,202/A/NBP/2023
2023-10-19,4.4529,4.4529,4.457352899999999,4.448447099999999,1000000,4.4529,203/A/NBP/2023
2023-10-20,4.4675,4.4675,4.4719675,4.463032500000001,1000000,4.4675,204/A/NBP/2023
2023-10-23,4.4552,4.4552,4.459655199999999,4.4507448,1000000,4.4552,205/A/NBP/2023
2023-10-24,4.4604,4.4604,4.464860399999999,4.4559396,1000000,4.4604,206/A/NBP/2023
2023-10-25,4.4758,4.4758,4.480275799999999,4.4713242,1000000,4.4758,207/A/NBP/2023
2023-10-26,4.4708,4.4708,4.475270799999999,4.4663292,1000000,4.4708,208/A/NBP/2023
2023-10-27,4.4642,4.4642,4.468664199999999,4.4597358,1000000,4.4642,209/A/NBP/2023
2023-10-30,4.4491,4.4491,4.453549099999999,4.444650899999999,1000000,4.4491,210/A/NBP/2023
2023-10-31,4.4475,4.4475,4.451947499999999,4.443052499999999,1000000,4.4475,211/A/NBP/2023
2023-11-02,4.4582,4.4582,4.462658199999999,4.4537417999999995,1000000,4.4582,212/A/NBP/2023
2023-11-03,4.4569,4.4569,4.461356899999999,4.4524431,1000000,4.4569,213/A/NBP/2023
2023-11-06,4.4615,4.4615,4.4659615,4.4570385,1000000,4.4615,214/A/NBP/2023
2023-11-07,4.4513,4.4513,4.455751299999999,4.446848699999999,1000000,4.4513,215/A/NBP/2023
2023-11-08,4.4584,4.4584,4.4628584,4.4539416,1000000,4.4584,216/A/NBP/2023
2023-11-09,4.4413,4.4413,4.4457413,4.4368587,1000000,4.4413,217/A/NBP/2023
2023-11-10,4.4227,4.4227,4.427122699999999,4.4182773,1000000,4.4227,218/A/NBP/2023
2023-11-13,4.4336,4.4336,4.4380336,4.429166400000001,1000000,4.4336,219/A/NBP/2023
2023-11-14,4.4163,4.4163,4.4207163,4.4118837,1000000,4.4163,220/A/NBP/2023
2023-11-15,4.39,4.39,4.39439,4.38561,1000000,4.39,221/A/NBP/2023
2023-11-16,4.3854,4.3854,4.389785399999999,4.381014599999999,1000000,4.3854,222/A/NBP/2023
2023-11-17,4.3767,4.3767,4.3810766999999995,4.3723233,1000000,4.3767,223/A/NBP/2023
2023-11-20,4.368,4.368,4.372368,4.363632,1000000,4.368,224/A/NBP/2023
2023-11-21,4.3647,4.3647,4.369064699999999,4.3603353,1000000,4.3647,225/A/NBP/2023
2023-11-22,4.3804,4.3804,4.3847803999999995,4.3760196,1000000,4.3804,226/A/NBP/2023
2023-11-23,4.3658,4.3658,4.3701658,4.3614342,1000000,4.3658,227/A/NBP/2023
2023-11-24,4.3722,4.3722,4.3765722,4.367827800000001,1000000,4.3722,228/A/NBP/2023
2023-11-27,4.3543,4.3543,4.3586542999999995,4.3499457,1000000,4.3543,229/A/NBP/2023
2023-11-28,4.3542,4.3542,4.3585541999999995,4.3498458,1000000,4.3542,230/A/NBP/2023
2023-11-29,4.3327,4.3327,4.337032699999999,4.3283673,1000000,4.3327,231/A/NBP/2023
2023-11-30,4.3492,4.3492,4.353549199999999,4.3448508,1000000,4.3492,232/A/NBP/2023
2023-12-01,4.3494,4.3494,4.3537494,4.3450506,1000000,4.3494,233/A/NBP/2023
2023-12-04,4.3337,4.3337,4.3380336999999995,4.3293663,1000000,4.3337,234/A/NBP/2023
2023-12-05,4.3233,4.3233,4.327623299999999,4.3189766999999994,1000000,4.3233,235/A/NBP/2023
2023-12-06,4.3382,4.3382,4.342538199999999,4.333861799999999,1000000,4.3382,236/A/NBP/2023
2023-12-07,4.3334,4.3334,4.337733399999999,4.3290666,1000000,4.3334,237/A/NBP/2023
2023-12-08,4.3303,4.3303,4.3346303,4.3259697,1000000,4.3303,238/A/NBP/2023
2023-12-11,4.3366,4.3366,4.340936599999999,4.3322633999999995,1000000,4.3366,239/A/NBP/2023
2023-12-12,4.3396,4.3396,4.3439396,4.3352604,1000000,4.3396,240/A/NBP/2023
2023-12-13,4.3309,4.3309,4.335230899999999,4.3265690999999995,1000000,4.3309,241/A/NBP/2023
2023-12-14,4.3053,4.3053,4.309605299999999,4.3009946999999995,1000000,4.3053,242/A/NBP/2023
2023-12-15,4.3103,4.3103,4.314610299999999,4.3059897,1000000,4.3103,243/A/NBP/2023
2023-12-18,4.3269,4.3269,4.3312269,4.3225731000000005,1000000,4.3269,244/A/NBP/2023
2023-12-19,4.3321,4.3321,4.336432099999999,4.3277679,1000000,4.3321,245/A/NBP/2023
2023-12-20,4.3341,4.3341,4.3384341,4.3297659,1000000,4.3341,246/A/NBP/2023
2023-12-21,4.3387,4.3387,4.3430387,4.3343613,1000000,4.3387,247/A/NBP/2023
2023-12-22,4.3288,4.3288,4.3331288,4.3244712000000005,1000000,4.3288,248/A/NBP/2023
2023-12-27,4.3311,4.3311,4.3354311,4.3267689,1000000,4.3311,249/A/NBP/2023
2023-12-28,4.3392,4.3392,4.3435391999999995,4.3348607999999995,1000000,4.3392,250/A/NBP/2023
2023-12-29,4.348,4.348,4.352347999999999,4.343652,1000000,4.348,251/A/NBP/2023
2024-01-02,4.3434,4.3434,4.3477434,4.3390566,1000000,4.3434,001/A/NBP/2024
2024-01-03,4.3646,4.3646,4.3689646,4.3602354000000005,1000000,4.3646,002/A/NBP/2024
2024-01-04,4.3525,4.3525,4.3568525,4.3481475,1000000,4.3525,003/A/NBP/2024
2024-01-05,4.3484,4.3484,4.352748399999999,4.3440516,1000000,4.3484,004/A/NBP/2024
2024-01-08,4.3548,4.3548,4.3591548,4.3504452,1000000,4.3548,005/A/NBP/2024
2024-01-09,4.3351,4.3351,4.339435099999999,4.3307649,1000000,4.3351,006/A/NBP/2024
2024-01-10,4.3413,4.3413,4.3456413,4.3369587,1000000,4.3413,007/A/NBP/2024
2024-01-11,4.3505,4.3505,4.3548504999999995,4.3461495,1000000,4.3505,008/A/NBP/2024
2024-01-12,4.3574,4.3574,4.3617574,4.3530426,1000000,4.3574,009/A/NBP/2024
2024-01-15,4.3748,4.3748,4.3791747999999995,4.3704252,1000000,4.3748,010/A/NBP/2024
2024-01-16,4.3934,4.3934,4.397793399999999,4.3890066,1000000,4.3934,011/A/NBP/2024
2024-01-17,4.3978,4.3978,4.4021978,4.393402200000001,1000000,4.3978,012/A/NBP/2024
2024-01-18,4.4016,4.4016,4.4060016,4.397198400000001,1000000,4.4016,013/A/NBP/2024
2024-01-19,4.3846,4.3846,4.3889846,4.3802154,1000000,4.3846,014/A/NBP/2024
2024-01-22,4.356,4.356,4.3603559999999995,4.351644,1000000,4.356,015/A/NBP/2024
2024-01-23,4.3697,4.3697,4.3740697,4.3653303,1000000,4.3697,016/A/NBP/2024
2024-01-24,4.3755,4.3755,4.379875499999999,4.3711245,1000000,4.3755,017/A/NBP/2024
2024-01-25,4.379,4.379,4.383378999999999,4.374620999999999,1000000,4.379,018/A/NBP/2024
2024-01-26,4.3802,4.3802,4.3845802,4.3758198,1000000,4.3802,019/A/NBP/2024
2024-01-29,4.3653,4.3653,4.3696653,4.3609347000000005,1000000,4.3653,020/A/NBP/2024
2024-01-30,4.3634,4.3634,4.3677634,4.3590366000000005,1000000,4.3634,021/A/NBP/2024
2024-01-31,4.3434,4.3434,4.3477434,4.3390566,1000000,4.3434,022/A/NBP/2024
2024-02-01,4.3247,4.3247,4.3290247,4.3203753,1000000,4.3247,023/A/NBP/2024
2024-02-02,4.3173,4.3173,4.3216173,4.3129827,1000000,4.3173,024/A/NBP/2024
2024-02-05,4.3278,4.3278,4.332127799999999,4.323472199999999,1000000,4.3278,025/A/NBP/2024
2024-02-06,4.3435,4.3435,4.347843499999999,4.3391565,1000000,4.3435,026/A/NBP/2024
2024-02-07,4.3466,4.3466,4.350946599999999,4.3422534,1000000,4.3466,027/A/NBP/2024
2024-02-08,4.3449,4.3449,4.3492448999999995,4.3405550999999996,1000000,4.3449,028/A/NBP/2024
2024-02-09,4.3167,4.3167,4.3210166999999995,4.3123833,1000000,4.3167,029/A/NBP/2024
2024-02-12,4.328,4.328,4.3323279999999995,4.323672,1000000,4.328,030/A/NBP/2024
2024-02-13,4.3214,4.3214,4.325721399999999,4.317078599999999,1000000,4.3214,031/A/NBP/2024
2024-02-14,4.3435,4.3435,4.347843499999999,4.3391565,1000000,4.3435,032/A/NBP/2024
2024-02-15,4.3463,4.3463,4.3506463,4.3419537,1000000,4.3463,033/A/NBP/2024
2024-02-16,4.3414,4.3414,4.3457414,4.3370586,1000000,4.3414,034/A/NBP/2024
2024-02-19,4.339,4.339,4.343339,4.3346610000000005,1000000,4.339,035/A/NBP/2024
2024-02-20,4.3186,4.3186,4.3229185999999995,4.3142814,1000000,4.3186,036/A/NBP/2024
2024-02-21,4.3163,4.3163,4.320616299999999,4.3119837,1000000,4.3163,037/A/NBP/2024
2024-02-22,4.3199,4.3199,4.324219899999999,4.3155801,1000000,4.3199,038/A/NBP/2024
2024-02-23,4.3326,4.3326,4.3369326,4.3282674000000005,1000000,4.3326,039/A/NBP/2024
2024-02-26,4.3117,4.3117,4.3160117,4.3073883,1000000,4.3117,040/A/NBP/2024
2024-02-27,4.3067,4.3067,4.3110067,4.3023933,1000000,4.3067,041/A/NBP/2024
2024-02-28,4.3116,4.3116,4.3159116,4.3072884,1000000,4.3116,042/A/NBP/2024
2024-02-29,4.319,4.319,4.323319,4.314681,1000000,4.319,043/A/NBP/2024
2024-03-01,4.3176,4.3176,4.321917599999999,4.313282399999999,1000000,4.3176,044/A/NBP/2024
2024-03-04,4.3201,4.3201,4.324420099999999,4.3157799,1000000,4.3201,045/A/NBP/2024
2024-03-05,4.3228,4.3228,4.3271228,4.3184772,1000000,4.3228,046/A/NBP/2024
2024-03-06,4.3106,4.3106,4.314910599999999,4.3062894,1000000,4.3106,047/A/NBP/2024
2024-03-07,4.3045,4.3045,4.3088045,4.3001955,1000000,4.3045,048/A/NBP/2024
2024-03-08,4.3079,4.3079,4.3122079,4.3035921,1000000,4.3079,049/A/NBP/2024
2024-03-11,4.2933,4.2933,4.2975933,4.289006700000001,1000000,4.2933,050/A/NBP/2024
2024-03-12,4.2804,4.2804,4.2846804,4.2761196,1000000,4.2804,051/A/NBP/2024
2024-03-13,4.2896,4.2896,4.2938896,4.2853104,1000000,4.2896,052/A/NBP/2024
2024-03-14,4.287,4.287,4.291287,4.282713,1000000,4.287,053/A/NBP/2024
2024-03-15,4.2929,4.2929,4.2971929,4.2886071,1000000,4.2929,054/A/NBP/2024
2024-03-18,4.3086,4.3086,4.3129086,4.3042914,1000000,4.3086,055/A/NBP/2024
2024-03-19,4.3201,4.3201,4.324420099999999,4.3157799,1000000,4.3201,056/A/NBP/2024
2024-03-20,4.3242,4.3242,4.3285241999999995,4.3198758,1000000,4.3242,057/A/NBP/2024
2024-03-21,4.3031,4.3031,4.307403099999999,4.2987969,1000000,4.3031,058/A/NBP/2024
2024-03-22,4.3186,4.3186,4.3229185999999995,4.3142814,1000000,4.3186,059/A/NBP/2024
2024-03-25,4.3091,4.3091,4.313409099999999,4.3047908999999995,1000000,4.3091,060/A/NBP/2024
2024-03-26,4.3093,4.3093,4.3136092999999995,4.3049907,1000000,4.3093,061/A/NBP/2024
2024-03-27,4.3153,4.3153,4.319615299999999,4.3109847,1000000,4.3153,062/A/NBP/2024
2024-03-28,4.3191,4.3191,4.323419099999999,4.3147809,1000000,4.3191,063/A/NBP/2024
2024-03-29,4.3009,4.3009,4.3052009,4.296599100000001,1000000,4.3009,064/A/NBP/2024
2024-04-02,4.2934,4.2934,4.2976934,4.2891066,1000000,4.2934,065/A/NBP/2024
2024-04-03,4.2923,4.2923,4.2965922999999995,4.2880077,1000000,4.2923,066/A/NBP/2024
2024-04-04,4.2921,4.2921,4.296392099999999,4.2878079,1000000,4.2921,067/A/NBP/2024
2024-04-05,4.2883,4.2883,4.292588299999999,4.2840117,1000000,4.2883,068/A/NBP/2024
2024-04-08,4.2805,4.2805,4.284780499999999,4.2762195,1000000,4.2805,069/A/NBP/2024
2024-04-09,4.2588,4.2588,4.2630588,4.2545412,1000000,4.2588,070/A/NBP/2024
2024-04-10,4.2641,4.2641,4.268364099999999,4.2598359,1000000,4.2641,071/A/NBP/2024
2024-04-11,4.2649,4.2649,4.2691649,4.2606351,1000000,4.2649,072/A/NBP/2024
2024-04-12,4.2666,4.2666,4.2708666,4.2623334,1000000,4.2666,073/A/NBP/2024
2024-04-15,4.2851,4.2851,4.2893851,4.2808149,1000000,4.2851,074/A/NBP/2024
2024-04-16,4.3197,4.3197,4.3240197,4.3153803,1000000,4.3197,075/A/NBP/2024
2024-04-17,4.3353,4.3353,4.339635299999999,4.3309647,1000000,4.3353,076/A/NBP/2024
2024-04-18,4.3309,4.3309,4.335230899999999,4.3265690999999995,1000000,4.3309,077/A/NBP/2024
2024-04-19,4.3316,4.3316,4.335931599999999,4.3272683999999995,1000000,4.3316,078/A/NBP/2024
2024-04-22,4.3203,4.3203,4.324620299999999,4.3159797,1000000,4.3203,079/A/NBP/2024
2024-04-23,4.3335,4.3335,4.3378334999999995,4.3291664999999995,1000000,4.3335,080/A/NBP/2024
2024-04-24,4.3177,4.3177,4.3220177,4.313382300000001,1000000,4.3177,081/A/NBP/2024
2024-04-25,4.3198,4.3198,4.324119799999999,4.3154802,1000000,4.3198,082/A/NBP/2024
2024-04-26,4.3225,4.3225,4.3268225,4.3181775,1000000,4.3225,083/A/NBP/2024
2024-04-29,4.319,4.319,4.323319,4.314681,1000000,4.319,084/A/NBP/2024
2024-04-30,4.3213,4.3213,4.325621299999999,4.3169787,1000000,4.3213,085/A/NBP/2024
2024-05-02,4.3323,4.3323,4.3366323,4.3279677,1000000,4.3323,086/A/NBP/2024
2024-05-06,4.3294,4.3294,4.333729399999999,4.3250706,1000000,4.3294,087/A/NBP/2024
2024-05-07,4.3116,4.3116,4.3159116,4.3072884,1000000,4.3116,088/A/NBP/2024
2024-05-08,4.3195,4.3195,4.323819499999999,4.315180499999999,1000000,4.3195,089/A/NBP/2024
2024-05-09,4.2993,4.2993,4.303599299999999,4.2950007,1000000,4.2993,090/A/NBP/2024
2024-05-10,4.2979,4.2979,4.3021978999999995,4.2936021,1000000,4.2979,091/A/NBP/2024
2024-05-13,4.2977,4.2977,4.301997699999999,4.2934022999999994,1000000,4.2977,092/A/NBP/2024
2024-05-14,4.2812,4.2812,4.2854811999999995,4.2769188,1000000,4.2812,093/A/NBP/2024
2024-05-15,4.2635,4.2635,4.267763499999999,4.259236499999999,1000000,4.2635,094/A/NBP/2024
2024-05-16,4.2617,4.2617,4.2659617,4.2574383000000005,1000000,4.2617,095/A/NBP/2024
2024-05-17,4.2685,4.2685,4.2727685,4.2642315,1000000,4.2685,096/A/NBP/2024
2024-05-20,4.2575,4.2575,4.2617575,4.253242500000001,1000000,4.2575,097/A/NBP/2024
2024-05-21,4.2572,4.2572,4.2614572,4.2529428000000005,1000000,4.2572,098/A/NBP/2024
2024-05-22,4.2575,4.2575,4.2617575,4.253242500000001,1000000,4.2575,099/A/NBP/2024
2024-05-23,4.2699,4.2699,4.2741698999999995,4.2656301,1000000,4.2699,100/A/NBP/2024
2024-05-24,4.2624,4.2624,4.2666623999999995,4.2581376,1000000,4.2624,101/A/NBP/2024
2024-05-27,4.2528,4.2528,4.257052799999999,4.2485472,1000000,4.2528,102/A/NBP/2024
2024-05-28,4.2592,4.2592,4.2634592,4.2549408,1000000,4.2592,103/A/NBP/2024
2024-05-29,4.2529,4.2529,4.2571528999999995,4.2486471,1000000,4.2529,104/A/NBP/2024
2024-05-31,4.2678,4.2678,4.272067799999999,4.2635322,1000000,4.2678,105/A/NBP/2024
2024-06-03,4.2817,4.2817,4.2859817,4.2774183,1000000,4.2817,106/A/NBP/2024
2024-06-04,4.2923,4.2923,4.2965922999999995,4.2880077,1000000,4.2923,107/A/NBP/2024
2024-06-05,4.3081,4.3081,4.312408099999999,4.303791899999999,1000000,4.3081,108/A/NBP/2024
2024-06-06,4.2997,4.2997,4.303999699999999,4.2954003,1000000,4.2997,109/A/NBP/2024
2024-06-07,4.2891,4.2891,4.2933891,4.2848109,1000000,4.2891,110/A/NBP/2024
2024-06-10,4.3197,4.3197,4.3240197,4.3153803,1000000,4.3197,111/A/NBP/2024
2024-06-11,4.3456,4.3456,4.3499456,4.3412544,1000000,4.3456,112/A/NBP/2024
2024-06-12,4.3354,4.3354,4.3397353999999995,4.3310645999999995,1000000,4.3354,113/A/NBP/2024
2024-06-13,4.3355,4.3355,4.3398354999999995,4.3311645,1000000,4.3355,114/A/NBP/2024
2024-06-14,4.3581,4.3581,4.3624581,4.3537419,1000000,4.3581,115/A/NBP/2024
2024-06-17,4.3608,4.3608,4.3651608,4.3564392000000005,1000000,4.3608,116/A/NBP/2024
2024-06-18,4.3468,4.3468,4.3511467999999995,4.3424532,1000000,4.3468,117/A/NBP/2024
2024-06-19,4.3376,4.3376,4.3419376,4.3332624,1000000,4.3376,118/A/NBP/2024
2024-06-20,4.3238,4.3238,4.3281238,4.3194762,1000000,4.3238,119/A/NBP/2024
2024-06-21,4.3331,4.3331,4.337433099999999,4.3287669,1000000,4.3331,120/A/NBP/2024
2024-06-24,4.3198,4.3198,4.324119799999999,4.3154802,1000000,4.3198,121/A/NBP/2024
2024-06-25,4.2909,4.2909,4.295190899999999,4.2866091,1000000,4.2909,122/A/NBP/2024
2024-06-26,4.3087,4.3087,4.313008699999999,4.3043913,1000000,4.3087,123/A/NBP/2024
2024-06-27,4.3085,4.3085,4.3128085,4.304191500000001,1000000,4.3085,124/A/NBP/2024
2024-06-28,4.313,4.313,4.3173129999999995,4.308687,1000000,4.313,125/A/NBP/2024
2024-07-01,4.2981,4.2981,4.3023981,4.2938019,1000000,4.2981,126/A/NBP/2024
2024-07-02,4.3286,4.3286,4.332928599999999,4.3242714,1000000,4.3286,127/A/NBP/2024
2024-07-03,4.3021,4.3021,4.3064021,4.2977979,1000000,4.3021,128/A/NBP/2024
2024-07-04,4.2975,4.2975,4.3017975,4.2932025000000005,1000000,4.2975,129/A/NBP/2024
2024-07-05,4.2858,4.2858,4.2900858,4.2815142,1000000,4.2858,130/A/NBP/2024
2024-07-08,4.278,4.278,4.282277999999999,4.273721999999999,1000000,4.278,131/A/NBP/2024
2024-07-09,4.2633,4.2633,4.2675633,4.2590367,1000000,4.2633,132/A/NBP/2024
2024-07-10,4.2529,4.2529,4.2571528999999995,4.2486471,1000000,4.2529,133/A/NBP/2024
2024-07-11,4.2586,4.2586,4.2628585999999995,4.2543414,1000000,4.2586,134/A/NBP/2024
2024-07-12,4.2567,4.2567,4.2609566999999995,4.2524433,1000000,4.2567,135/A/NBP/2024
2024-07-15,4.2499,4.2499,4.2541499,4.245650100000001,1000000,4.2499,136/A/NBP/2024
2024-07-16,4.2604,4.2604,4.2646603999999995,4.2561396,1000000,4.2604,137/A/NBP/2024
2024-07-17,4.2904,4.2904,4.2946903999999995,4.2861096,1000000,4.2904,138/A/NBP/2024
2024-07-18,4.2954,4.2954,4.299695399999999,4.2911046,1000000,4.2954,139/A/NBP/2024
2024-07-19,4.293,4.293,4.297293,4.2887070000000005,1000000,4.293,140/A/NBP/2024
2024-07-22,4.2797,4.2797,4.2839797,4.2754203,1000000,4.2797,141/A/NBP/2024
2024-07-23,4.281,4.281,4.2852809999999995,4.276719,1000000,4.281,142/A/NBP/2024
2024-07-24,4.2796,4.2796,4.2838796,4.2753204,1000000,4.2796,143/A/NBP/2024
2024-07-25,4.2971,4.2971,4.3013971,4.292802900000001,1000000,4.2971,144/A/NBP/2024
2024-07-26,4.2773,4.2773,4.2815772999999995,4.2730227,1000000,4.2773,145/A/NBP/2024
2024-07-29,4.2847,4.2847,4.288984699999999,4.2804153,1000000,4.2847,146/A/NBP/2024
2024-07-30,4.2845,4.2845,4.2887845,4.280215500000001,1000000,4.2845,147/A/NBP/2024
2024-07-31,4.2953,4.2953,4.2995953,4.2910047,1000000,4.2953,148/A/NBP/2024
2024-08-01,4.2924,4.2924,4.2966923999999995,4.2881076,1000000,4.2924,149/A/NBP/2024
2024-08-02,4.2903,4.2903,4.294590299999999,4.2860097,1000000,4.2903,150/A/NBP/2024
2024-08-05,4.3073,4.3073,4.3116072999999995,4.3029927,1000000,4.3073,151/A/NBP/2024
2024-08-06,4.313,4.313,4.3173129999999995,4.308687,1000000,4.313,152/A/NBP/2024
2024-08-07,4.3158,4.3158,4.3201158,4.311484200000001,1000000,4.3158,153/A/NBP/2024
2024-08-08,4.3225,4.3225,4.3268225,4.3181775,1000000,4.3225,154/A/NBP/2024
2024-08-09,4.3238,4.3238,4.3281238,4.3194762,1000000,4.3238,155/A/NBP/2024
2024-08-12,4.3123,4.3123,4.316612299999999,4.3079877,1000000,4.3123,156/A/NBP/2024
2024-08-13,4.2945,4.2945,4.2987945,4.2902055,1000000,4.2945,157/A/NBP/2024
2024-08-14,4.2933,4.2933,4.2975933,4.289006700000001,1000000,4.2933,158/A/NBP/2024
2024-08-16,4.2732,4.2732,4.277473199999999,4.2689268,1000000,4.2732,159/A/NBP/2024
2024-08-19,4.2693,4.2693,4.2735693,4.2650307000000005,1000000,4.2693,160/A/NBP/2024
2024-08-20,4.2665,4.2665,4.2707665,4.2622335,1000000,4.2665,161/A/NBP/2024
2024-08-21,4.2879,4.2879,4.292187899999999,4.2836121,1000000,4.2879,162/A/NBP/2024
2024-08-22,4.285,4.285,4.289285,4.280715,1000000,4.285,163/A/NBP/2024
2024-08-23,4.2769,4.2769,4.2811769,4.272623100000001,1000000,4.2769,164/A/NBP/2024
2024-08-26,4.2803,4.2803,4.2845803,4.276019700000001,1000000,4.2803,165/A/NBP/2024
2024-08-27,4.2802,4.2802,4.284480199999999,4.2759198,1000000,4.2802,166/A/NBP/2024
2024-08-28,4.2938,4.2938,4.298093799999999,4.2895062,1000000,4.2938,167/A/NBP/2024
2024-08-29,4.2862,4.2862,4.290486199999999,4.2819138,1000000,4.2862,168/A/NBP/2024
2024-08-30,4.2798,4.2798,4.2840798,4.2755202,1000000,4.2798,169/A/NBP/2024
2024-09-02,4.2812,4.2812,4.2854811999999995,4.2769188,1000000,4.2812,170/A/NBP/2024
2024-09-03,4.2757,4.2757,4.279975699999999,4.2714243,1000000,4.2757,171/A/NBP/2024
2024-09-04,4.2815,4.2815,4.2857815,4.2772185,1000000,4.2815,172/A/NBP/2024
2024-09-05,4.2717,4.2717,4.2759716999999995,4.2674283,1000000,4.2717,173/A/NBP/2024
2024-09-06,4.279,4.279,4.283278999999999,4.2747209999999995,1000000,4.279,174/A/NBP/2024
2024-09-09,4.2818,4.2818,4.286081799999999,4.277518199999999,1000000,4.2818,175/A/NBP/2024
2024-09-10,4.2827,4.2827,4.286982699999999,4.2784173,1000000,4.2827,176/A/NBP/2024
2024-09-11,4.2864,4.2864,4.2906864,4.282113600000001,1000000,4.2864,177/A/NBP/2024
2024-09-12,4.2986,4.2986,4.3028986,4.2943014,1000000,4.2986,178/A/NBP/2024
2024-09-13,4.2883,4.2883,4.292588299999999,4.2840117,1000000,4.2883,179/A/NBP/2024
2024-09-16,4.2753,4.2753,4.279575299999999,4.2710247,1000000,4.2753,180/A/NBP/2024
2024-09-17,4.2748,4.2748,4.279074799999999,4.2705252,1000000,4.2748,181/A/NBP/2024
2024-09-18,4.2691,4.2691,4.273369099999999,4.2648309,1000000,4.2691,182/A/NBP/2024
2024-09-19,4.2693,4.2693,4.2735693,4.2650307000000005,1000000,4.2693,183/A/NBP/2024
2024-09-20,4.2779,4.2779,4.2821779,4.2736221,1000000,4.2779,184/A/NBP/2024
2024-09-23,4.2785,4.2785,4.2827785,4.2742215,1000000,4.2785,185/A/NBP/2024
2024-09-24,4.2668,4.2668,4.2710668,4.2625332,1000000,4.2668,186/A/NBP/2024
2024-09-25,4.2634,4.2634,4.267663399999999,4.2591366,1000000,4.2634,187/A/NBP/2024
2024-09-26,4.2665,4.2665,4.2707665,4.2622335,1000000,4.2665,188/A/NBP/2024
2024-09-27,4.2761,4.2761,4.280376099999999,4.271823899999999,1000000,4.2761,189/A/NBP/2024
2024-09-30,4.2791,4.2791,4.283379099999999,4.2748209,1000000,4.2791,190/A/NBP/2024
2024-10-01,4.2846,4.2846,4.288884599999999,4.2803154,1000000,4.2846,191/A/NBP/2024
2024-10-02,4.2952,4.2952,4.2994952,4.290904800000001,1000000,4.2952,192/A/NBP/2024
2024-10-03,4.299,4.299,4.303299,4.294701000000001,1000000,4.299,193/A/NBP/2024
2024-10-04,4.313,4.313,4.3173129999999995,4.308687,1000000,4.313,194/A/NBP/2024
2024-10-07,4.3185,4.3185,4.3228184999999995,4.3141815,1000000,4.3185,195/A/NBP/2024
2024-10-08,4.3203,4.3203,4.324620299999999,4.3159797,1000000,4.3203,196/A/NBP/2024
2024-10-09,4.3026,4.3026,4.3069026,4.2982974,1000000,4.3026,197/A/NBP/2024
2024-10-10,4.3029,4.3029,4.3072029,4.2985971,1000000,4.3029,198/A/NBP/2024
2024-10-11,4.2926,4.2926,4.2968926,4.2883074,1000000,4.2926,199/A/NBP/2024
2024-10-14,4.2928,4.2928,4.297092799999999,4.2885072,1000000,4.2928,200/A/NBP/2024
2024-10-15,4.2913,4.2913,4.295591299999999,4.2870086999999995,1000000,4.2913,201/A/NBP/2024
2024-10-16,4.2955,4.2955,4.299795499999999,4.2912045,1000000,4.2955,202/A/NBP/2024
2024-10-17,4.3174,4.3174,4.3217174,4.3130826,1000000,4.3174,203/A/NBP/2024
2024-10-18,4.3048,4.3048,4.3091048,4.3004952,1000000,4.3048,204/A/NBP/2024
2024-10-21,4.3178,4.3178,4.3221178,4.3134822,1000000,4.3178,205/A/NBP/2024
2024-10-22,4.3159,4.3159,4.3202159,4.3115841,1000000,4.3159,206/A/NBP/2024
2024-10-23,4.3344,4.3344,4.338734399999999,4.330065599999999,1000000,4.3344,207/A/NBP/2024
2024-10-24,4.3396,4.3396,4.3439396,4.3352604,1000000,4.3396,208/A/NBP/2024
2024-10-25,4.3533,4.3533,4.357653299999999,4.3489467,1000000,4.3533,209/A/NBP/2024
2024-10-28,4.3478,4.3478,4.3521478,4.343452200000001,1000000,4.3478,210/A/NBP/2024
2024-10-29,4.3542,4.3542,4.3585541999999995,4.3498458,1000000,4.3542,211/A/NBP/2024
2024-10-30,4.335,4.335,4.339334999999999,4.330665,1000000,4.335,212/A/NBP/2024
2024-10-31,4.353,4.353,4.357352999999999,4.348647,1000000,4.353,213/A/NBP/2024
2024-11-04,4.3443,4.3443,4.348644299999999,4.3399557,1000000,4.3443,214/A/NBP/2024
2024-11-05,4.3607,4.3607,4.365060699999999,4.356339299999999,1000000,4.3607,215/A/NBP/2024
2024-11-06,4.3662,4.3662,4.3705662,4.3618338,1000000,4.3662,216/A/NBP/2024
2024-11-07,4.3431,4.3431,4.3474431,4.3387569,1000000,4.3431,217/A/NBP/2024
2024-11-08,4.3244,4.3244,4.3287244,4.3200756,1000000,4.3244,218/A/NBP/2024
2024-11-12,4.357,4.357,4.361357,4.3526430000000005,1000000,4.357,219/A/NBP/2024
2024-11-13,4.3416,4.3416,4.345941599999999,4.3372584,1000000,4.3416,220/A/NBP/2024
2024-11-14,4.3365,4.3365,4.3408365,4.3321635,1000000,4.3365,221/A/NBP/2024
2024-11-15,4.3198,4.3198,4.324119799999999,4.3154802,1000000,4.3198,222/A/NBP/2024
2024-11-18,4.332,4.332,4.336332,4.327668,1000000,4.332,223/A/NBP/2024
2024-11-19,4.3308,4.3308,4.335130799999999,4.3264692,1000000,4.3308,224/A/NBP/2024
2024-11-20,4.3404,4.3404,4.344740399999999,4.3360596,1000000,4.3404,225/A/NBP/2024
2024-11-21,4.3469,4.3469,4.3512469,4.3425531,1000000,4.3469,226/A/NBP/2024
2024-11-22,4.343,4.343,4.3473429999999995,4.3386569999999995,1000000,4.343,227/A/NBP/2024
2024-11-25,4.3319,4.3319,4.3362319,4.3275681,1000000,4.3319,228/A/NBP/2024
2024-11-26,4.3157,4.3157,4.320015699999999,4.311384299999999,1000000,4.3157,229/A/NBP/2024
2024-11-27,4.309,4.309,4.313308999999999,4.304691,1000000,4.309,230/A/NBP/2024
2024-11-28,4.3085,4.3085,4.3128085,4.304191500000001,1000000,4.3085,231/A/NBP/2024
2024-11-29,4.3043,4.3043,4.308604299999999,4.299995699999999,1000000,4.3043,232/A/NBP/2024
2024-12-02,4.2923,4.2923,4.2965922999999995,4.2880077,1000000,4.2923,233/A/NBP/2024
2024-12-03,4.2927,4.2927,4.2969927,4.2884073,1000000,4.2927,234/A/NBP/2024
2024-12-04,4.2899,4.2899,4.2941899,4.2856101,1000000,4.2899,235/A/NBP/2024
2024-12-05,4.2695,4.2695,4.273769499999999,4.2652304999999995,1000000,4.2695,236/A/NBP/2024
2024-12-06,4.2669,4.2669,4.271166899999999,4.2626330999999995,1000000,4.2669,237/A/NBP/2024
2024-12-09,4.2581,4.2581,4.262358099999999,4.253841899999999,1000000,4.2581,238/A/NBP/2024
2024-12-10,4.2672,4.2672,4.271467199999999,4.2629328,1000000,4.2672,239/A/NBP/2024
2024-12-11,4.2661,4.2661,4.2703660999999995,4.2618339,1000000,4.2661,240/A/NBP/2024
2024-12-12,4.2818,4.2818,4.286081799999999,4.277518199999999,1000000,4.2818,241/A/NBP/2024
2024-12-13,4.2722,4.2722,4.2764722,4.2679278,1000000,4.2722,242/A/NBP/2024
2024-12-16,4.2622,4.2622,4.266462199999999,4.2579378,1000000,4.2622,243/A/NBP/2024
2024-12-17,4.2599,4.2599,4.264159899999999,4.2556401,1000000,4.2599,244/A/NBP/2024
2024-12-18,4.2628,4.2628,4.2670628,4.2585372,1000000,4.2628,245/A/NBP/2024
2024-12-19,4.2633,4.2633,4.2675633,4.2590367,1000000,4.2633,246/A/NBP/2024
2024-12-20,4.2572,4.2572,4.2614572,4.2529428000000005,1000000,4.2572,247/A/NBP/2024
2024-12-23,4.2621,4.2621,4.266362099999999,4.2578379,1000000,4.2621,248/A/NBP/2024
2024-12-24,4.2739,4.2739,4.2781739,4.2696261,1000000,4.2739,249/A/NBP/2024
2024-12-27,4.2747,4.2747,4.2789747,4.2704253,1000000,4.2747,250/A/NBP/2024
2024-12-30,4.2738,4.2738,4.278073799999999,4.2695262,1000000,4.2738,251/A/NBP/2024
2024-12-31,4.273,4.273,4.277272999999999,4.268726999999999,1000000,4.273,252/A/NBP/2024
